{
    "topics": [
        "history",
        "sports",
        "pop culture"
    ],
    "questions": [
        {
            "topic": "history",
            "clue": "He was the first president of the United States.",
            "answer": "Who is George Washington?"
        },
        {
            "topic": "history",
            "clue": "This country's flag has 50 stars representing its states.",
            "answer": "What is the United States?"
        },
        {
            "topic": "history",
            "clue": "This man gave the 'I Have A Dream' speach.",
            "answer": "Who is Martin Luther King Jr.?"
        },
        {
            "topic": "sports",
            "clue": "This NBA star won 6 championships with the Chicago Bulls.",
            "answer": "Who is Michael Jordan?"
        },
        {
            "topic": "sports",
            "clue": "This soccer player led the Women's US team to the FIFA World Cup in 2019.",
            "answer": "Who is Megan Rapinoe?"
        },
        {
            "topic": "sports",
            "clue": "In this Olympic sport athletes compete to throw a spear the longest distance.",
            "answer": "What is javelin?"
        },
        {
            "topic": "tech",
            "clue": "This tech company named after a river in Brazil was founded in Seattle, WA.",
            "answer": "What is Amazon?"
        },
        {
            "topic": "tech",
            "clue": "This company created React.",
            "answer": "What is Facebook?"
        },
        {
            "topic": "tech",
            "clue": "This person was the first computer programmer.",
            "answer": "Who is Ada Lovelace?"
        }
    ]
}